Username,FollowLength,IsFollower,BatName,BatGender,BatColor,0
ridgure,0,1,test123,Male,Black,1
yakuza_xi,111689857,1,Shrike,Male,Brown,0
XxYumYumCookiexX,111536512,1,Matrix,Male,Red,0
Coolguykiddler,111535083,1,Dawnstar,Female,Black,0
Onlyalonelygirl,111532885,1,Morticia,Female,Black,0
Pantonyt,111467605,1,Nyx,Male,Brown,0
NeverTrustCorridors,111446586,1,Nibbles,Female,Black,0
tunac4pt0r,111157138,1,Shadow,Male,Black,0
nawtnotnewt,111097082,1,Sonar,Male,Brown,0
Vanerson,111041371,1,Blade,Male,Black,0
Minecraftgurl1416,110945990,1,Star,Female,Black,0
telephone135,110943416,1,Baxter,Male,Brown,0
KingJosiahGaming,110943378,1,Siren,Female,Red,0
Baronhelmutschnitzelnazi,110941748,1,Lucifer,Male,Black,0
tortleworfore,110659271,1,Ripmaw,Male,Black,0
TigerHobbes,110659227,1,Sade,Female,Brown,0
brycebanks09,110399399,1,Skylar,Female,Black,0
kaptainpokemon,110232594,1,Blade,Male,Black,0
Lucasofgamers,109769371,1,Indigo,Female,Brown,0
howtominecraft3,109417693,1,Raine,Female,Black,0
Bow_____down,109116441,1,Draculon,Male,Black,0
misardian,97927824,0,Butch,Male,Brown,0
AsapCatFTW,109022372,1,Dimitri,Male,Red,0
ryanhalligandangled,108797569,1,Char,Male,Black,0
sticken,108764693,1,Illumina,Female,Black,0
Runicskate,108761636,1,Violet,Female,Brown,0
Go_to_heaven_360,108761594,1,Skylar,Female,Black,0
laxerz,108757037,1,Sage,Female,Black,0
epicmanjo,108754956,1,Morticia,Female,Brown,0
average_revolutioncraftnl,108575065,1,Vulkan,Male,Black,0
Average_Kevin,108574705,1,Blues,Male,Black,0
FakeViral,108573062,1,Blues,Male,Brown,0
RobertRo8,108313552,1,Sade,Female,Red,0
chemsauce,108126389,1,Sabath,Male,Black,0
Jon192,108124131,1,Sade,Female,Black,0
captain_raost,108121358,1,Fuzz,Male,Brown,0
ilikenojuice,108110765,1,Nugget,Female,Black,0
hussein_12345ali,107904120,1,Nibbles,Female,Black,0
jenzie2003,107889418,1,Booboo,Male,Brown,0
idavelthoven,107845067,1,Vladimir,Male,Black,0
persentile123,107810915,1,Star,Female,Black,0
danzathepariah,107807119,1,Comet,Male,Brown,0
liberace99,107732024,1,Twilight,Female,Red,0
Buddergod1,107720783,1,Aine,Female,Black,0
Blizzzzz22222,107720747,1,Shrike,Male,Black,0
bannananugget22,107715504,1,Ash,Male,Brown,0
makerofchaos1,107705658,1,Nugget,Female,Black,0
Jilly_1234567,107704936,1,Rhyme,Female,Black,0
blacklivesdontmatteratall,107703777,1,Lucy,Female,Brown,0
Kawad771,107701510,1,Vulkan,Male,Black,0
Roguez13,107701491,1,Lucifer,Male,Black,0
thetimeking_01,107699696,1,Baxter,Male,Brown,0
Icywhitesam,107697744,1,Scarlett,Female,Red,0
Big_bad_tom,107390789,1,Dawnstar,Female,Black,0
dopeimminent,107385681,1,Lady,Female,Black,0
surprise_im_back1,107147075,1,Skylar,Female,Brown,0
Tsukemaru,106963049,1,Mirage,Female,Black,0
ball4ly,106862704,1,Flaps,Male,Black,0
moonman_42069,106858790,1,Abby,Female,Brown,0
akariharris12,106858363,1,Moonlight,Female,Black,0
Moonman_is_god,106858081,1,Mittens,Female,Black,0
Galaxyerror,105743271,1,Abby,Female,Brown,0
progamerdude101,105310681,1,Dawnstar,Female,Red,0
xmerciplaysmcx,104608760,1,Equinox,Female,Black,0
dinnertimeTV,104091543,1,Aine,Female,Black,0
Filipinoboi51,104091415,1,Dawnstar,Female,Brown,0
madbirdplayz,104084547,1,Skylar,Female,Black,0
sour_angry,104081293,1,Blues,Male,Black,0
McChoonce,104081146,1,Vulkan,Male,Brown,0
WillsonteCat,103062712,1,Screech,Male,Black,0
Sabbertron,103053281,1,Twilight,Female,Black,0
Tankdrath,103043973,1,Ripmaw,Male,Brown,0
Wrabbit4444,102929080,1,Darth,Male,Red,0
chrisandthemikerocks,101450803,1,Velvet,Female,Black,0
Temparmy,101449303,1,Angel,Female,Black,0
thoughtcheese8,101448364,1,Sage,Female,Brown,0
donteruis,101442948,1,Ruth,Female,Black,0
frzze,101432267,1,Screech,Male,Black,0
Shadow2500,101426661,1,Scarlett,Female,Brown,0
cooldude556690,101424211,1,Moonlight,Female,Black,0
young_twipz,99718991,1,Cole,Male,Black,0
brandon_richter,99190461,1,Cole,Male,Brown,0
dj_k1n6p1n,99185903,1,Flutters,Female,Black,0
sivetrexx,99183278,1,Spuds,Male,Red,0
matthewboi,96124758,1,Drake,Male,Black,0
x_Dragonbreath_x,83966672,0,Vamp,Male,Brown,0
brentrules,94271608,1,Rascal,Male,Black,0
redtech1020,94260349,1,Vulkan,Male,Black,0
justb911,94254323,1,Draculon,Male,Brown,0
catsbollocks,94088978,1,Nibbles,Female,Black,0
SplitRaid,94030524,1,Aura,Female,Black,0
xdestroybangerzx,93695931,1,Sage,Female,Brown,0
masterkiko2002,93010943,1,Butch,Male,Red,0
screamurrdreamurr,92562067,1,Skylar,Female,Black,0
barebaricgalaxy,92530087,1,Rhyme,Female,Black,0
manu_best123,92369465,1,Illumina,Female,Brown,0
megustatupeloelm,80154602,0,Mirage,Female,Black,0
roffaogflanderos,92012758,1,Vulkan,Male,Black,0
stormhauk,91192579,1,Orion,Male,Brown,0
laceymorbid,90310093,1,Velvet,Female,Black,0
yourij0,89296430,1,Cookie,Female,Black,0
ventoes_dad,89293433,1,Trixy,Female,Brown,0
dreamsonar,89288363,1,Nibbles,Female,Red,0
TheGloriousKimJongUn,89285881,1,Skylar,Female,Black,0
Kankub123,89209974,1,Midnight,Male,Black,0
Pepperboy2002,89007420,1,Baxter,Male,Brown,0
moonoi,89004127,1,Sonar,Male,Black,0
korosh2003,87798373,1,Trixy,Female,Black,0
kevinkuz9,87790236,1,Cerulean,Female,Brown,0
piponeilgrande,87465918,1,Abby,Female,Black,0
liighwind,87465649,1,Lucy,Female,Black,0
TheShrubb3ry,87451913,1,Wingnut,Male,Brown,0
mhansen5,87292055,1,Cerulean,Female,Red,0
sireotnn,86950618,1,Shrike,Male,Black,0
atoruiz01,86755060,1,Sade,Female,Black,0
laoola,86751731,1,Rhyme,Female,Brown,0
h8vs,86747445,1,Skye,Female,Black,0
Catinspecs,86681482,1,Sabath,Male,Black,0
VenganceCathy,86417698,1,Nibbles,Female,Brown,0
hellhome2011,86316625,1,Drake,Male,Black,0
harcashbreak,86215898,1,Equina,Female,Black,0
Enigmatax,86208839,1,Cookie,Female,Brown,0
atsukiyou,86151954,1,Angel,Male,Red,0
deadlykiwio0,85792637,1,Vladimir,Male,Black,0
Naemesis,84956828,1,Indigo,Female,Black,0
girlygirl731,84887105,1,Sonar,Male,Brown,0
erlendstendal,84879608,1,Orion,Male,Black,0
ha8r_,84879430,1,Moonlight,Female,Black,0
lividjoker420,84319438,1,Sona,Female,Brown,0
InDaBowl,72946935,0,Indigo,Female,Black,0
Bigunsbigmoney,81110590,0,Trixy,Female,Black,0
Doge1232311,83430183,1,Mittens,Female,Brown,0
MasterreinGames,83214001,1,Sabath,Male,Red,0
crmix,82517982,1,Fuzz,Male,Black,0
spectrumyt10,81292620,1,Nibbles,Female,Black,0
xaviordanger1738,80704568,1,Shine,Female,Brown,0
Majestic_lace,80694608,1,Butch,Male,Black,0
the_nerdster,80189903,1,Sage,Female,Black,0
Eggceptional,80189883,1,Cerulean,Female,Brown,0
itz_wofq,80083365,1,Darth,Male,Black,0
stalin_pepe,79492299,1,Midnight,Male,Black,0
BunnyPlayss,79485590,1,Butch,Male,Brown,0
xAurionZz,79477013,1,Aura,Female,Red,0
bosspro1,78877542,1,Vulkan,Male,Black,0
FearEmpty,77076199,1,Wingnut,Male,Black,0
midnight_phantom1,77073672,1,Mothra,Male,Brown,0
chromeking23,76539727,1,Mittens,Female,Black,0
hybridofficial,76537312,1,Butch,Male,Black,0
desiigner_1panda,76537304,1,Dawnstar,Female,Brown,0
towerofpimps0603,76531699,1,Dexter,Male,Black,0
dRAGoNwinchester,76018965,1,Equina,Female,Black,0
cooljay118,76016711,1,Star,Female,Brown,0
LukesterGaming,75707458,1,Velvet,Female,Red,1
TheLilocean_B,75680102,1,Aine,Female,Black,0
DarkChika,75680078,1,Brutus,Male,Black,0
BloodDragon262626,75680050,1,Grey,Male,Brown,0
SlothHipster,75629665,1,Baxter,Male,Black,0
realkipisbae,62282818,0,Violet,Female,Black,0
GamerGirlIcy,65020450,0,Vladimir,Male,Brown,0
Locoman101,75498357,1,Angel,Male,Black,0
Rick_C_C_100,62191323,0,Lockjaw,Male,Black,0
brickmountainfire,75337549,1,Nightmare,Male,Brown,0
LilGamerHelle,75336418,1,Brutus,Male,Red,1
jeremeister06,75250550,1,Wingnut,Male,Black,0
Lukerrino200,75061061,1,Skye,Female,Black,0
wcarterh,63525915,0,Vulkan,Male,Brown,0
Flo1489,74769046,1,Sage,Female,Black,0
Clawsom,74034997,1,Butch,Male,Black,0
IAmTonyAMA,73539262,1,Aura,Female,Brown,0
captain_lxgan,73265235,1,Ruth,Female,Black,0
lolcatface4562,73263075,1,Giggles,Female,Black,0
ilovry,73251544,1,Butch,Male,Brown,0
Urodriguez3,72657507,1,Midnight,Male,Black,0
shiftymurderess,72222722,1,Nibbles,Female,Red,0
wittyguycific,71645142,1,Sonar,Male,Black,0
Firefly405,71623191,1,Dexter,Male,Brown,0
MelodyofWolf,71021799,1,Azar,Male,Black,0
Jibbadizer,71007555,1,Vulkan,Male,Black,0
PhatMale,71003810,1,Impaler,Male,Brown,0
xSCRAPx,70760638,1,Nyx,Male,Black,0
vanheestbeest,70391710,1,Azurys,Female,Black,0
RandomMarieChick,70333510,1,Dimitri,Male,Brown,0
aileeplays,69805202,1,Skylar,Female,Red,0
mrkingthink1,68591776,1,Basil,Male,Black,0
foxzoolm,68588160,1,Skylar,Female,Black,0
rezgod666jr,68004594,1,Vladimir,Male,Brown,0
cincy_moto,55955135,0,Giggles,Female,Black,0
zigersquad,67996246,1,Cookie,Female,Black,0
jayfeather_12_7,67930064,1,Spectre,Male,Brown,0
themememic,67597694,1,Sabath,Male,Black,0
the_vytcka,66545355,1,Guano,Male,Black,0
SkippyLT,66545352,1,Harmony,Female,Brown,0
lunx_tremor,65547313,1,Cerulean,Female,Red,0
killer69691010,65547227,1,Fuzz,Male,Black,0
Manicminer51,65543291,1,Booboo,Male,Black,0
mrderpy01,65542427,1,Trixy,Female,Brown,0
Lokbatch,65537124,1,Azar,Male,Black,0
cakepuppy89,65407180,1,Sabath,Male,Black,0
xXBryton,65392555,1,Dawnstar,Female,Brown,0
mikeyhendry6,65391218,1,Shade,Female,Black,0
KatCallMe,62459415,0,Scarlett,Female,Black,0
coreygamingcg,52927883,0,Lucy,Female,Brown,0
m0rrisson,53601687,0,Mothra,Male,Black,0
Umbuku,64408222,1,Equina,Female,Red,0
Kbigliar,63612842,1,PraiseIt,Female,Red,0
paxgp,63212186,1,Nightmare,Male,Brown,0
SunniNorr,63211986,1,Sabath,Male,Black,0
I_Love_Hu_Jass,62581054,1,Angel,Male,Black,0
addsis1,62575235,1,Screech,Male,Brown,0
AshiesCorner,61976566,1,Shade,Female,Black,0
totallynotavoidingaban,61704967,1,Mothra,Male,Black,0
Cirekon,61445130,1,Tiberius,Male,Brown,1
cutesnowboardgirl,60770087,1,Scarlett,Female,Red,0
IvanaBCroftin,60156553,1,Twilight,Female,Black,0
crowdctrltv,59345161,1,Darth,Male,Black,0
ldikjfghdsfighsd,59043094,1,Rhyme,Female,Brown,0
botdream4black2,59038172,1,Sabath,Male,Black,0
levelupers,58948663,1,Echo,Female,Black,0
Elias_Jen,58935334,1,Haze,Female,Brown,0
kermisfan1,58793103,1,Equinox,Female,Black,0
classicdgamer,48305259,0,Dimitri,Male,Black,0
Willie_Phisterbottom,58790263,1,Vladimir,Male,Brown,0
Lungslife,58790180,1,Guano,Male,Red,0
AlphyTheGamer,58768645,1,Ripmaw,Male,Black,0
Mr_Waffle_man321,58767107,1,Aura,Female,Black,0
rosie_cheeks,58533735,1,Illumina,Female,Brown,0
TM_Pengu,48045619,0,Fuzz,Male,Black,0
kiah_linstrum,58345709,1,Trixy,Female,Black,0
deathkills3344,58159086,1,Tiberius,Male,Brown,0
t3chn0_blaziken,58158887,1,Screech,Male,Black,0
it_kiwi,58156792,1,Star,Female,Black,0
koid,46649849,0,Rhyme,Female,Brown,0
EDancning,58148637,1,Equina,Female,Red,0
Iawesomekid266,58148520,1,Moon,Male,Black,0
BuddyB2323,58148445,1,Aine,Female,Black,0
Jo_macia26,58100203,1,Shine,Female,Brown,0
Timk1999,57898922,1,Echo,Female,Black,0
Riannederijk,57898804,1,Shade,Female,Black,0
zombiecallum,57895182,1,Vladimir,Male,Brown,0
gamergirl_17ko,57741346,1,Dot,Female,Black,0
Silthulhu,57717687,1,Darth,Male,Black,0
spaztic_bananas97,57714744,1,Abby,Female,Brown,0
DiamondBlockDude,57714731,1,Nugget,Female,Red,0
Chewittz,57714635,1,Dimitri,Male,Black,0
craftbuilds,57626782,1,Vulkan,Male,Black,0
Zeta_The_Dragon,57415167,1,Drake,Male,Brown,0
pencilface252,57136140,1,Bandetta,Female,Black,0
patrickc178,57127150,1,Ruth,Female,Black,0
Celestrine,56350867,1,Abby,Female,Brown,0
Vlogical123,56338072,1,Guano,Male,Black,0
Yachts4ever,55926502,1,Lady,Female,Black,0
swaggzilla123,55926441,1,Angel,Female,Brown,0
QuirkyGeek17,54961659,1,Angel,Male,Red,1
JC747,10950780,1,Nibbles,Female,Black,0
bassikovvv,54715589,1,Impaler,Male,Black,0
Jamjardavies,54105558,1,Screech,Male,Brown,0
BehSl81,54095481,1,Rhyme,Female,Black,0
NiceGuyW0lfe,52890235,1,Morning,Female,Black,0
way_better_than_you,52871763,1,Baxter,Male,Brown,0
catboy60,52714329,1,Illumina,Female,Black,0
Overlord9K,52703110,1,Skylar,Female,Black,0
SGTSparkelzlol,52619803,1,Orion,Male,Brown,0
PascoalMusic,52372470,1,Flutters,Female,Red,0
graybeast00,52163323,1,Drake,Male,Black,0
xTrickShotProx,51681119,1,Thanatos,Male,Black,0
RENBE238,51459148,1,Rascal,Male,Brown,0
rok_246,51423852,1,Vladimir,Male,Black,0
Markcon5805,51422381,1,Shadow,Male,Black,0
Butlins_CEO,51421100,1,Cole,Male,Brown,0
exrthxo,51410088,1,Dot,Female,Black,0
han7800,51401841,1,Cole,Male,Black,0
chilimilivanili7,51397813,1,Skye,Female,Brown,0
TeamAquaDoodz,51377869,1,Shadow,Male,Red,0
mrwilleking,48631641,0,Star,Female,Black,0
Kmartinator,51098409,1,Ivy,Female,Black,0
L1L4ndT4sty,51085046,1,Baxter,Male,Brown,0
NotedBinkie9727,51085017,1,Wingnut,Male,Black,0
Level1Nerd,51085010,1,Darth,Male,Black,0
B1g4ndT4sty,51084958,1,Cerulean,Female,Brown,0
ad9836,51084901,1,Bandetta,Female,Black,0
Duchess118,40599286,0,Shrike,Male,Black,0
bikosalien,51084523,1,Blues,Male,Brown,0
jaygoddard99,51084000,1,Ivy,Female,Red,0
theangrybiird,51082489,1,Dawnstar,Female,Black,0
ii_itz_swag_ii,51079720,1,Nibbles,Female,Black,0
wickedsnorlax,51079414,1,Basil,Male,Brown,0
DianiteOurLordAndSaviour,51079169,1,Dawnstar,Female,Black,0
footylover09,51078915,1,Butch,Male,Black,0
KomaKrazyXD,51078328,1,Shadow,Male,Brown,0
Trozas,51076831,1,Archangel,Male,Black,0
SurroundedByTrees,50934297,1,Blues,Male,Black,0
Lott__,50482498,1,Grey,Male,Brown,0
MagicalPal,50480632,1,Sonar,Male,Black,0
kingfluffybeard,50477287,1,Bruce,Male,Red,0
thatonescenechick,50477091,1,Mirage,Female,Black,0
spiderprince7531,50476971,1,Azurys,Female,Brown,0
lNukNorWay,50476720,1,Spectre,Male,Black,0
Buenxxo,50476151,1,Indigo,Female,Black,0
kevbev67,50475729,1,Comet,Male,Brown,0
H1ghFor3ver,50475210,1,Lucifer,Male,Black,0
queenloxy,48151063,0,Dawnstar,Female,Black,0
luizfelipekassino,50157145,1,Sabath,Male,Brown,0
dogekewlked,50048184,1,Abby,Female,Black,0
egyptian_slave,50048106,1,Lockjaw,Male,Red,0
atticus_mjapan,50047988,1,Haze,Female,Black,0
epiccookieeater1,50047873,1,Indigo,Female,Brown,0
popyface20,50047790,1,Spuds,Male,Black,0
kittydani,50047652,1,Rascal,Male,Black,0
katherine0987,50047478,1,Scarlett,Female,Brown,0
thechamp27ish,50047328,1,Moon,Male,Black,0
darkness3678739,50047288,1,Flaps,Male,Black,0
zakando,50047237,1,Brutus,Male,Brown,0
zuismp,50047236,1,Rascal,Male,Red,0
klee972,50047113,1,Basil,Male,Black,0
chilli_bandit,50047018,1,Dimitri,Male,Black,0
yatoreturns,50046882,1,Blues,Male,Brown,0
aragacraft123,50046755,1,Guano,Male,Black,0
wyattmohawk,50046618,1,Matrix,Male,Black,0
den_iskold_bamse,50046509,1,Aine,Female,Brown,0
hellioss89,50046395,1,Shade,Female,Black,0
theonlineworld,36813650,0,Haze,Female,Black,0
spanishbloodypvp,50046279,1,Ash,Male,Brown,0
xTheAssassin78x,50046126,1,Sage,Female,Black,0
hayati_07,50046112,1,Angel,Male,Red,0
3jlanlol,50045998,1,Star,Female,Black,0
kn4ttteen,50045908,1,Vamp,Male,Brown,0
hatelights,50045893,1,Blues,Male,Black,0
attackonalexis,50045774,1,Lockjaw,Male,Black,0
foxwolfboris,50045569,1,Bruce,Male,Brown,0
patatas16,50045483,1,Bruce,Male,Black,0
justjerepvp,50045407,1,Wingnut,Male,Black,0
breno55bb,50045359,1,Morning,Female,Brown,0
keedyjennifer,50045283,1,Vladimir,Male,Red,0
baszieboy,50045163,1,Matrix,Male,Black,0
KristofWolfe,50045049,1,Velvet,Female,Black,0
fanatics71,50045048,1,Bruce,Male,Brown,0
Dragon_KingTV,50044987,1,Shine,Female,Black,0
xleafeh,50044871,1,Ruth,Female,Black,0
Nbhd298,50044816,1,Sonar,Male,Brown,0
tyrone450,50044766,1,Shrike,Male,Black,0
Magicman10YT,50044648,1,Harmony,Female,Black,0
salo6603,50044625,1,Mittens,Female,Brown,0
davism2105,50044137,1,Shrike,Male,Red,0
viper634gmail,50043440,1,Skye,Female,Black,0
NoFitIt,50041624,1,Mittens,Female,Black,0
siiselikuningas11,49885609,1,Comet,Male,Brown,0
Hjerpen06,49882565,1,Lucy,Female,Black,0
Bobi6767,49876267,1,Lockjaw,Male,Black,0
Laytinik,49871259,1,Drake,Male,Brown,0
SkylerWild,49868229,1,Star,Female,Black,0
catboots0101,49261685,1,Cat-Boost,Female,Black,0
SirCommunity,38410969,0,Trixy,Female,Brown,0
beastpunisher421,49259211,1,Indigo,Female,Red,0
zombiesnightout13,49259196,1,Abby,Female,Black,0
anconiogamer48,35439924,0,Darth,Male,Black,0
BigAl607,48649832,1,Angel,Male,Brown,0
FlufflesBeTheBest,46886086,1,Blade,Male,Black,0
Mineatnight123,35847861,0,Cole,Male,Black,0
headphonegraveyard,46237556,1,Siren,Female,Brown,0
MomDivine,45644541,1,Sona,Female,Black,0
bmanhero,44766218,1,Blade,Male,Black,0
spacecube26th,31471611,0,Midnight,Male,Brown,0
TarilltheMad,44590818,1,Butch,Male,Black,0
NumberlessElpeque,44589025,1,Nugget,Female,Red,0
Avenged_Soulgiver,44581779,1,Equinox,Female,Black,0
AmunGomperts,44435331,1,Guano,Male,Brown,0
daddyslittlegirl666,44409772,1,Mothra,Male,Black,0
toxickoala05,44096610,1,Sona,Female,Black,0
clauskem,43834762,1,Angel,Male,Brown,0
PorcoTunado,43822638,1,Harmony,Female,Black,0
MOOKLE_BEST_VERSION,43285500,1,Dot,Female,Black,0
WowoT,43279897,1,Skye,Female,Brown,1
xpert_the_wrst,43279021,1,Ruth,Female,Red,0
TwitchExcellency,43226762,1,Fuzz,Male,Black,0
bandanyt,42892873,1,Aine,Female,Black,0
gitarrlillan,42891450,1,Orion,Male,Brown,0
minerdude1511,42625365,1,Morticia,Female,Black,0
PixlationGaming,42618989,1,Nightmare,Male,Black,0
wheelsssss,42610006,1,Sonar,Male,Brown,0
Octostarx,42007217,1,Carmilla,Female,Black,0
Specex200,41663475,1,Orion,Male,Black,0
johnpaul79,41657592,1,Abby,Female,Brown,0
fluttershy091,41653889,1,Drake,Male,Red,0
black_burner_,41652973,1,Mirage,Female,Black,0
ichibadass,41648943,1,Lockjaw,Male,Black,0
DeniseGOLDENQUEENGODDESS,41493627,1,Equina,Female,Brown,0
Roansas,41486246,1,Impaler,Male,Black,0
Flexina,41481487,1,Lady,Female,Black,0
Jester1147,41392238,1,Lucy,Female,Brown,0
Sephiroth,41392217,1,Cookie,Female,Black,0
Brenneman17,41392202,1,Flutters,Female,Black,0
Intimae,41392200,1,Bruce,Male,Brown,0
unkidrik,41392153,1,Tiberius,Male,Red,0
monard40,41392152,1,Shrike,Male,Black,0
Dragoness_,41392016,1,Moon,Male,Black,0
Lurthis,41391667,1,Lockjaw,Male,Brown,0
littleranny123,41314784,1,Blade,Male,Black,0
emma_velthoven,41225153,1,Echo,Female,Black,0
Quote_X,40787401,1,Echo,Female,Brown,0
Awesomegamer7689,40783493,1,Dawnstar,Female,Black,0
Kinginferno24,40782477,1,Lady,Female,Black,0
ice_burg_94,40611188,1,Vulkan,Male,Brown,0
Turbomini6,40600712,1,Fuzz,Male,Red,0
rhianaerawynn,39793930,0,Rhyme,Female,Black,0
Chachava,40529820,1,Drake,Male,Black,0
insane8472,40527348,1,Scarlett,Female,Brown,0
Ishkya,40513599,1,Raine,Female,Black,0
im2spooky5u,40337144,1,Rhyme,Female,Black,0
my_knee_grows_fast_XD,40189760,1,Ripmaw,Male,Brown,0
EveIyn_McKnight,39940177,1,Aura,Female,Black,0
Zerg3rr,39905629,1,Nyx,Male,Black,0
SwedenCatboy_Gaming,39774123,1,Sabriel,female,Brown,0
Nbros44,39772642,1,Lockjaw,Male,Black,0
juju_thecoonkiller,39770349,1,Aine,Female,Red,0
fuzzyray,39756450,1,Equinox,Female,Black,0
Coleski123,39310422,1,Haze,Female,Brown,0
gassin_jewws,39294445,1,Dimitri,Male,Black,0
GmaxLittle2004,39292496,1,Dexter,Male,Black,0
ianhos,39278452,1,Dawnstar,Female,Brown,0
ZA_asinglefishYT,39274396,1,Cookie,Female,Black,0
lovetrovemew,39274127,1,Baxter,Male,Black,0
lolmanzee1,39273288,1,Midnight,Male,Brown,0
ijerice6,39273266,1,Trixy,Female,Red,0
the_rusemaster,38986124,1,Mittens,Female,Black,0
colegamerkid,38981358,1,Azurys,Female,Black,0
will_0202,38980442,1,Velvet,Female,Brown,0
Gavinovsky,38978007,1,Rhyme,Female,Black,0
GeekLeafGaming,27736915,0,Shade,Female,Black,0
Kaytrim,37946878,1,Fuzz,Male,Brown,0
katlover,37780600,1,Mirage,Female,Black,0
zoroark720,37758798,1,Skylar,Female,Black,0
concentration_camp_chris,37264686,1,Echo,Female,Brown,0
Thecoolestpanda,37261858,1,Spuds,Male,Red,0
my_dixi_rect76,37179727,1,Char,Male,Black,0
emmalov18,37167354,1,Matrix,Male,Black,0
Xmandier,36861299,1,Star,Female,Brown,0
jackoffjac,36859685,1,Drake,Male,Black,0
smellykneegrou,36859338,1,Trixy,Female,Black,0
FearlessPilot,36859223,1,Flutters,Female,Brown,0
MovingNova,36844259,1,Cole,Male,Black,0
nickem10,36844195,1,Lucifer,Male,Black,0
lj_loves_horses,36843838,1,Rhyme,Female,Brown,0
rickyjay,36832259,1,Illumina,Female,Red,0
Mooface0,36737546,1,Comet,Male,Black,0
tripgod3,36727070,1,Shine,Female,Black,0
erickelement,36720039,1,Ash,Male,Brown,0
lcewollow_come,36702928,1,Moonlight,Female,Black,0
000n1cker,36700101,1,Sabath,Male,Black,0
vmorts,36687915,1,Harmony,Female,Brown,0
DeadPine,36684506,1,Lucifer,Male,Black,0
JulianRaley,36595733,1,Moon,Male,Black,0
fkn3ggersplays,36555951,1,Angel,Female,Brown,0
gamethecupdog,36410434,1,Lucifer,Male,Red,0
matthewlang_,36408457,1,Moon,Male,Black,0
cosmicwarriorgd,36395352,1,Azurys,Female,Black,0
dpkdesign,25896465,0,Sabath,Male,Brown,0
Dread_Muffin,36380936,1,Shine,Female,Black,0
enderedgeplayz,36214303,1,Matrix,Male,Black,0
lapeeka,36214240,1,Rhyme,Female,Brown,0
tommy_and_tess_tickles,36213252,1,Siren,Female,Black,0
GoKillYourselfYouFatKunt,36211787,1,Sonar,Male,Black,0
tyraxes_dragonborn,25725609,0,Equina,Female,Brown,0
buddybear04,36202401,1,Star,Female,Black,0
blm216,36202338,1,Matrix,Male,Red,0
MarauderPirate,36179567,1,Aura,Female,Black,0
sonny_prettyboi,36177806,1,Ripmaw,Male,Brown,0
xIsabellxx,36173742,1,Iris,Female,Black,0
Fluentchaos,36142511,1,Vamp,Male,Black,0
behappy22,35958481,1,Moonlight,Female,Brown,0
MrStakvik,35888453,1,Midnight,Male,Black,0
kari_mysac123,35888437,1,Lockjaw,Male,Black,0
jennatools43,35888437,1,Skylar,Female,Brown,0
fishy_puss,35888388,1,Violet,Female,Black,0
ridgureizgay,35888188,1,Angel,Male,Red,0
Epicgirl20,35883801,1,Lady,Female,Black,0
killallbeanswhitepower,25391594,0,Booboo,Male,Brown,0
Greycrescent,35777912,1,Spuds,Male,Black,0
Trayaurus_says_hi,35698414,1,Ash,Male,Black,0
TiTLEUP,35649742,1,Siren,Female,Brown,0
Theskellyassassin,24075084,0,Draculon,Male,Black,0
nickcool9999,35429717,1,Vulkan,Male,Black,0
marsbars8795_za,35429624,1,Dimitri,Male,Brown,0
Fars__Legacy,24870532,0,Mittens,Female,Red,0
Festivities,35356097,1,Ridgure,Male,Black,0
pninja12,24870471,0,Star,Female,Black,0
grimmtera777,35356067,1,Indigo,Female,Brown,0
WibbletheDuck,35356051,1,Shrike,Male,Black,0
Galexantiocletos,35356035,1,Moonlight,Female,Black,0
ShastaHun,35356028,1,Angel,Male,Brown,0
alisenpai,35356011,1,Shine,Female,Black,0
xIWestie,24870406,0,Giggles,Female,Black,0
Molwiz,35355940,1,Dimitri,Male,Brown,0
Ryanestrasz,35355734,1,Lady,Female,Red,0
Siakon,35355698,1,Nibbles,Female,Black,0
Trotter93,35355506,1,Shade,Female,Black,0
silentmygameing123,35354389,1,Ripmaw,Male,Brown,0
Sharkie_,35354223,1,Spectre,Male,Black,0
Grim_Decisions,35353805,1,Guano,Male,Black,0
CrossMyDNA,35348260,1,Haze,Female,Brown,0
Sarainia_KR_Angelsong,35348171,1,Abby,Female,Black,0
kaptainkamper,35348138,1,Iris,Female,Black,0
SwayJEDI,35348131,1,Equina,Female,Brown,0
Sleeper777,35348090,1,Shade,Female,Red,0
Bastet369,35348089,1,Giggles,Female,Black,0
Lianne669,35348057,1,Giggles,Female,Black,0
v999mom,35348039,1,Skye,Female,Brown,0
JakeO,35348027,1,Lucifer,Male,Black,0
Mark_Bodger,35347983,1,Bruce,Male,Black,0
absolut_kali,35347979,1,Orion,Male,Brown,0
Lady_Kittia,35347969,1,Wingnut,Male,Black,0
KGTheNumbers,35347870,1,Lucy,Female,Black,0
HazelRah89,35347841,1,Echo,Female,Brown,0
Shutupandminewithme,35347706,1,Vladimir,Male,Red,0
The_Sith_Empire,35347173,1,Aura,Female,Black,0
princess___lissy,24860466,0,Mirage,Female,Black,0
Ted_E,35340541,1,Star,Female,Brown,0
whiterose11,35088698,1,Twilight,Female,Black,0
somedestinyperson,35077292,1,Raine,Female,Black,0
Ababail,35071383,1,Blues,Male,Brown,0
Blackwolfster,35065914,1,Nugget,Female,Black,0
Pracer73,34848654,1,Dexter,Male,Black,0
sharkana321,12813222,1,Cole,Male,Brown,0
Teacupika,34745887,1,Ash,Male,Black,0
Wookiee_93,34745835,1,Rascal,Male,Red,0
tex0r,34745640,1,Dawnstar,Female,Black,0
TheCazadorSniper,34744177,1,Butch,Male,Brown,0
W0lfking69,34736370,1,Matrix,Male,Black,0
AapgScorpion,34656555,1,Blade,Male,Black,0
DarkQueenO_O,34656554,1,Cerulean,Female,Brown,0
honorary68,34656506,1,Impaler,Male,Black,0
dajuniorxdx,34461776,1,Velvet,Female,Black,0
bodada104,34452162,1,Booboo,Male,Brown,0
mattarnold06,34430045,1,Iris,Female,Red,0
ghazle9,34133735,1,Morticia,Female,Black,0
thomaskellogg15,31803210,0,Sonar,Male,Black,0
superstarreader,33733426,1,Brutus,Male,Brown,0
yaboiinickgur65,33720782,1,Sage,Female,Black,0
BUSCUR51,33716100,1,Guano,Male,Black,0
junklife_,33711776,1,Nightmare,Male,Brown,0
dashthegamer___,33710395,1,Violet,Female,Black,0
rst_poptart,33626995,1,Archangel,Male,Black,0
camburrit2,33626331,1,Vamp,Male,Brown,0
Lillypopcorn,33623223,1,Nightmare,Male,Red,0
TeamFyro,33611429,1,Ivy,Female,Black,0
marleythebarbarian,33265912,1,Skylar,Female,Black,0
chessy68,22161861,0,Raine,Female,Brown,0
ObscureNorwegianGamer,33057963,1,Skylar,Female,Black,0
Superfraggle,33008052,1,Archangel,Male,Black,0
joshie__,32964526,1,Drake,Male,Brown,0
TheOptionalOath,32952025,1,Shrike,Male,Black,0
WorstoftheWorst,32952017,1,Lucy,Female,Black,0
bqqcc,32951943,1,Indigo,Female,Brown,0
lepustheevil,32939475,1,Shrike,Male,Red,0
skolaider,32937264,1,Archangel,Male,Black,0
jacklamont_,32931367,1,Shrike,Male,Black,0
UpgrowthDevelopment,32846215,1,Brutus,Male,Brown,0
Kwifenator,32785256,1,Ivy,Female,Black,0
IvanOffalich,32496948,1,Spectre,Male,Black,0
awkwardxbby,32486677,1,Aura,Female,Brown,0
RetroPuppet,32247657,1,Fuzz,Male,Black,0
rustynikkerz,32171274,1,Nightmare,Male,Black,0
hampe0413,32154001,1,Flaps,Male,Brown,0
john_ray_pinger,32148690,1,Nibbles,Female,Red,0
urypides0721,32126439,1,Spuds,Male,Black,0
eye_eatass,31922357,1,Drake,Male,Black,0
Natureboymanning55,21408389,0,Aura,Female,Brown,0
Daanaas,31839656,1,Echo,Female,Black,0
IvoryDragons,31770168,1,Moon,Male,Black,0
Ellisair,31722317,1,Vulkan,Male,Brown,0
KLovesHugz,31708159,1,Screech,Male,Black,0
BaconlegsAndBluStar,20991431,0,Raine,Female,Black,0
BlushingCrafter,31054519,1,Ivy,Female,Brown,0
jacoffjac,30939289,1,Iris,Female,Red,0
killallnygerians15,30516004,1,Vulkan,Male,Black,0
grimli,30460214,1,Vamp,Male,Black,0
BraindeadSurki,29188448,0,Illumina,Female,Brown,0
xxautisticwolfxx,29921690,1,Impaler,Male,Black,0
themanuel111,29916773,1,Shrike,Male,Black,0
lepus_james_tula,29915268,1,Equina,Female,Brown,0
suuuuch,27593365,0,Darth,Male,Black,0
queenfairylivingdeadgurrl,29913274,1,Equina,Female,Black,0
BugMacgregor,29908482,1,Wingnut,Male,Brown,1
SilverServerT,29693569,1,Iris,Female,Black,0
jayson69699,29693534,1,Rascal,Male,Red,0
GizmoTheHerow,29689172,1,Angel,Male,Black,0
D3athb0b,29689149,1,Comet,Male,Brown,0
Lt1489,29689142,1,Morticia,Female,Black,0
sagathes134,29689107,1,Harmony,Female,Black,0
gruntfodder,29689107,1,Skylar,Female,Brown,0
Narinja1,29689106,1,Velvet,Female,Black,0
Poxun1,29689076,1,Ivy,Female,Black,0
jl456lj,29688973,1,Nightmare,Male,Brown,0
Cusses,29688849,1,Booboo,Male,Red,0
GraylyRain,29688323,1,Cerulean,Female,Black,0
DaleDalemoimoi,29683978,1,Lucifer,Male,Black,0
dontbanmepleasey,29683702,1,Mittens,Female,Brown,0
therealak69420,29612525,1,Equinox,Female,Black,0
BigBoiNoNo,29592947,1,Ash,Male,Black,0
federico04039,29592747,1,Dimitri,Male,Brown,0
edytedy2003,29588822,1,Siren,Female,Black,0
xxxmarkeem,29588762,1,Velvet,Female,Black,0
mrschwiftyrick,19102095,0,Sabath,Male,Brown,0
Mgreener87,29586291,1,Lady,Female,Red,0
asilentking,29016730,1,Sage,Female,Black,0
LizzieUllman97,29016714,1,Archangel,Male,Black,0
syncereandgames,29003373,1,Dot,Female,Brown,0
Xobias,29001038,1,Abby,Female,Black,0
jackepaulmurchlinkinbio,28702403,1,Mittens,Female,Black,0
MyNameIsGadda,28700151,1,Siren,Female,Brown,0
mrsdanville,28526567,1,Iris,Female,Black,0
miss_undastood,28186790,1,Drake,Male,Black,0
StevePlays_HD,17621584,0,Giggles,Female,Brown,0
TheMysteriousLizzy,28107135,1,Azurys,Female,Black,0
denizburgas13,25784247,0,Butch,Male,Red,0
sarah_h92,28105145,1,Star,Female,Black,0
MadeYouLeaveTV,16333139,0,Dawnstar,Female,Brown,0
ditto999,28095732,1,Spuds,Male,Black,0
krazybutkool,27931411,1,Booboo,Male,Black,0
TheBasicz12345,27928481,1,Impaler,Male,Brown,0
mmaxamms,27772081,1,Glenn,Male,Black,0
kookiemonsteh,27768054,1,Dimitri,Male,Black,0
SuperCatPerson,17263131,0,Mittens,Female,Brown,0
ItJustSteph,27734075,1,Cookie,Female,Red,0
jalynn_mean15,27687926,1,Comet,Male,Black,0
afafafafafafafaf,27679738,1,Raine,Female,Black,0
YukiBloodbornGaming,27678006,1,Spectre,Male,Brown,0
Hoenir_the_Silent,27674872,1,Ivy,Female,Black,0
dd92759912,27664818,1,Azar,Male,Black,0
imacidic10,27659927,1,Ash,Male,Brown,0
i_likeyorkhawk,27618177,1,Sona,Female,Black,0
andrew7077,27607584,1,Mirage,Female,Black,0
brodyjamesshanehall,27579861,1,Grey,Male,Brown,0
okaykamrynwolff69,27518050,1,Indigo,Female,Black,0
bigassbrodyjameshall,27515880,1,Sade,Female,Red,0
oddzzy,27514533,1,Dawnstar,Female,Black,0
huddledangel0319,27503606,1,Bandetta,Female,Brown,0
kbitliar,27493693,1,Vladimir,Male,Black,0
brodyjameshall300bounds,27443355,1,Fuzz,Male,Black,0
icewallowd_come,27441411,1,Sonar,Male,Brown,0
mattypringle,27435847,1,Shrike,Male,Black,0
ZayonPlay,27434248,1,Archangel,Male,Black,0
erasrhead,27433001,1,Violet,Female,Brown,0
Braelynnx,27432894,1,Violet,Female,Red,0
Kerazene,27431226,1,Dimitri,Male,Black,0
ZeliardFTW,27431207,1,Matrix,Male,Black,0
angelov222,16506349,0,Rhyme,Female,Brown,0
luxanadian,27426267,1,Impaler,Male,Black,0
kill_tha_juice_1,27419038,1,Cookie,Female,Black,0
alavni_gerkhak,27416575,1,Mirage,Female,Brown,0
robloxminecrafter1,27356969,1,Vamp,Male,Black,0
Ludi_,27354993,1,Impaler,Male,Black,0
waffleplayslife,27347372,1,Morticia,Female,Brown,0
COAAOL,27346601,1,Vulkan,Male,Red,0
hawkmagpie,27338483,1,Cookie,Female,Black,0
saaaaadude234,27331679,1,Cerulean,Female,Black,0
Theosevis_,27318739,1,Ripmaw,Male,Brown,0
blueflame_91yt,27270545,1,Dimitri,Male,Black,0
cartuneman_1,27266124,1,Brutus,Male,Black,0
aid210,27251253,1,Sonar,Male,Brown,0
Sariana123,27246780,1,Moonlight,Female,Black,0
mr_ace0,27243224,1,Sabath,Male,Black,0
icewallowcome471,27240759,1,Raine,Female,Brown,0
jakewalker1904,27069998,1,Velvet,Female,Black,0
ilovetutti69,27065804,1,Tiberius,Male,Red,0
wowbobby11,27064917,1,Rhyme,Female,Black,0
burnprogamer,27064358,1,Drake,Male,Brown,0
emretok511,26995396,1,Dexter,Male,Black,0
xanaxlegeny,26803791,1,Violet,Female,Black,0
prestonplayzman,26740866,1,Mittens,Female,Brown,0
icewalow_come_20,26739314,1,Azurys,Female,Black,0
savage_wolf678,26732156,1,Harmony,Female,Black,0
Thexbox360lover,26731003,1,Sona,Female,Brown,0
ihatemylifesomuch157,26722642,1,Moonlight,Female,Black,0
Iampftw,24389168,0,Nugget,Female,Red,0
sebakiku,26601615,1,Ash,Male,Black,0
Farklez1128,26415435,1,Rascal,Male,Brown,0
supervirusbot,26412408,1,Lucifer,Male,Black,0
Marklock3_tv,26411017,1,Nyx,Male,Black,0
daineexgt,26409021,1,Flutters,Female,Brown,0
schaamhaarlikken,26405153,1,Wingnut,Male,Black,0
zipbowl625,26401711,1,Abby,Female,Black,0
theowneroftwich,26401218,1,Shrike,Male,Brown,0
ender_acid,26398448,1,Comet,Male,Red,0
maballzitch69,26397566,1,Sonar,Male,Black,0
secondowneroftwich,26395462,1,Azurys,Female,Black,0
DreamDog00,26394861,1,Mittens,Female,Brown,0
cazylady122,26394259,1,Butch,Male,Black,0
winter_4life,26394168,1,Shade,Female,Black,0
kermit_thefwog,26393822,1,Nugget,Female,Brown,0
knee_growwwzz,26389872,1,Violet,Female,Black,0
naturelover1,26387151,1,Vulkan,Male,Black,0
theownerofridgure,26290926,1,Shadow,Male,Brown,0
risguregotohell,26290657,1,Dawnstar,Female,Black,0
jazdogg,26249626,1,Matrix,Male,Red,0
voidyblade,15763631,0,Mothra,Male,Black,0
OZMrMagic,26156787,1,Blues,Male,Brown,0
kitjasper09,26148300,1,Abby,Female,Black,0
twitch_loves_the_gas_room,26146779,1,Brutus,Male,Black,0
Vidat001,26145516,1,Star,Female,Brown,0
Hannukkah_Celt,26145493,1,Harmony,Female,Black,0
OrigamiGuy2,26145462,1,Lucy,Female,Black,0
TrubuTV,26141811,1,Morning,Female,Brown,0
AudaciousTaborAddams,22843000,1,Skylar,Female,Red,0
framingtheframed,22528328,1,Twilight,Female,Black,0
tribun793nilsonn,22437307,1,Angel,Female,Black,0
pupgirl22,11531098,0,Dimitri,Male,Brown,0
kilderine,21948119,1,Cerulean,Female,Black,0
CerlsJnr,887237,0,Dawnstar,Female,Black,0
ztdiaz,16095164,1,Azar,Male,Brown,0
SirGrumples,15852478,1,Sage,Female,Black,0
puppygirl246810,15841504,1,Lucy,Female,Black,0
mike3292,15841462,1,Harmony,Female,Brown,0
mimimindy,15841428,1,Comet,Male,Red,0
thalion_pelargor,15781250,1,Nightmare,Male,Black,0
dutchtr0ll,3556790,0,Bandetta,Female,Black,0
liza_m,5254996,0,Shadow,Male,Brown,0
TheRevolver_13,15657177,1,Grey,Male,Black,0
riboture,2048806,0,Ivy,Female,Black,1
ririthepanda,11749929,0,cuddles,Female,Brown,0
puplova2014,14240826,1,Skylar,Female,Black,0
a_Kats,1870061,0,Flapper_Flop,Female,Black,0
MisterAcharyz,14240741,1,Lucifer,Male,Brown,0
vuth22,13708475,1,Baxter,Male,Red,0
a_lot_of_seaman,13698220,1,Scarlett,Female,Black,0
erugdir,1453310,0,Lucy,Female,Black,0
KillerHusky1231,13610314,1,Dexter,Male,Brown,0
snook35,13547141,1,Dawnstar,Female,Black,0
Shaydow_Jinxx,13541885,1,Dexter,Male,Black,0
Jax_Macky,13541836,1,Sage,Female,Brown,0
JakeD1999_,13541734,1,Rhyme,Female,Black,0
evjx2jqm,13540069,1,Impaler,Male,Black,0
TheCraftyDawg,13529092,1,Azar,Male,Brown,0
zzingerr_android,13527632,1,Ivy,Female,Red,0
julianrauh,13525549,1,Sade,Female,Black,0
leomar111,13525363,1,Aura,Female,Black,0
metikous,13524182,1,Echo,Female,Brown,0
uriah0805,3037061,0,Aine,Female,Black,0
yuhannxd,13521779,1,Archangel,Male,Black,0
Hailgamming,13520572,1,Echo,Female,Brown,0
Of_The_Goats,13519821,1,Flutters,Female,Black,0
S4rc4sticIsland,13518295,1,Giggles,Female,Black,0
mye36m3,13514919,1,Char,Male,Brown,0
EmberSummers798,277534,0,Blade,Male,Black,0
nevyncholerny,13508268,1,Velvet,Female,Red,0
jacquipitch,13456053,1,Blade,Male,Black,0
xx_im_dead_inside_xx,13453192,1,Lucifer,Male,Brown,0
farmer_andy123,13446269,1,Lucifer,Male,Black,0
MinecraftCoochie,212996,0,Ruth,Female,Black,0
screwtheipad,13445033,1,Cookie,Female,Brown,0
Kxnekiiiiii,10776612,0,Impaler,Male,Black,0
orignalzzgaming,13442103,1,Dawnstar,Female,Black,0
iiilaurxn,13440572,1,Dimitri,Male,Brown,0
specularmango56,13436557,1,Dimitri,Male,Red,0
eeeetes,13433832,1,Velvet,Female,Black,0
thequietestgirl,13424945,1,Nightmare,Male,Black,0
realcloudyplayz,75515461,1,Shade,Female,Brown,0
Agamnone,75423966,1,Dimitri,Male,Black,0
deejcoastal,50046293,1,Azurys,Female,Black,0
anconioHD,48672567,1,Rhyme,Female,Brown,0
SpaceCube26th,44704254,1,Indigo,Female,Black,0
Ember798,13510177,1,Vulkan,Male,Black,1
reninsane,13194370,1,Butch,Male,Brown,0
BananaPopsikul,13188878,1,Luna,Female,Black,0
shadowofmayhems,966741,0,Flaps,Male,Red,0
Lothrazar,13165357,1,Siren,Female,Black,0
okaybiscuit7528,2652836,0,Shadow,Male,Brown,0
SeeGlass,2652790,0,Mothra,Male,Black,0
unsafecoderedttv,766878,0,Aura,Female,Black,0
atalatala,13132025,1,Haze,Female,Brown,0
mikedixiewrecked,13131980,1,Nibbles,Female,Black,0
janijohns,13131215,1,Haze,Female,Black,0
you_drunkgohome,13130207,1,Cerulean,Female,Brown,0
beardedbuffalofann,13129047,1,Sade,Female,Red,0
xxshasowxx6092,13126337,1,Brutus,Male,Black,0
kupaliciousgaming,13007337,1,Orion,Male,Black,0
elis7272,13007312,1,Angel,Male,Brown,0
dominikpavlovic,13004043,1,Sabath,Male,Black,0
liamthelion12345,13001735,1,Ruth,Female,Black,0
brooklynthegamer4,12997943,1,Basil,Male,Brown,0
janoxplayz,12993658,1,Echo,Female,Black,0
gintaraszaza1,12993362,1,Trixy,Female,Black,0
ZodoTurtle,12993356,1,Archangel,Male,Brown,0
6demonai,12989745,1,Skylar,Female,Red,0
souba_2,12970627,1,Moonlight,Female,Black,0
Samasina,12938044,1,Morticia,Female,Black,1
tgf_guru,12933899,1,Shade,Female,Brown,0
candiesnotsfeetinyourmowt,12924407,1,Cole,Male,Black,0
faithlead,12915596,1,Basil,Male,Black,0
KAS_Sprmcy,414016,0,Dimitri,Male,Brown,0
JB_Warsmith,12907018,1,Perturabo,Male,Black,0
LegendarySkar,12906986,1,Nightmare,Male,Black,0
jcgaming2645,2340374,0,Raine,Female,Brown,0
gbae13train24,12825460,1,Nightmare,Male,Black,0
slendermanirl,12818988,1,Lady,Female,Red,0
raven_does_twitch,12817123,1,Draculon,Male,Black,0
imaginemomos,10492389,0,Velvet,Female,Brown,0
sgtmack_,2327692,0,Matrix,Male,Black,0
Capn_Pain,2327647,0,Haze,Female,Black,0
koopadatroopa515,12813029,1,Lucy,Female,Brown,0
NeenSheep,12812120,1,Haze,Female,Black,0
illegaldoorknob,12812073,1,Impaler,Male,Black,0
Lord_Nykyrian,12811883,1,Angel,Male,Brown,0
fearzznorth,12811038,1,Haze,Female,Red,0
Steve081398,10489882,0,stevejr,Male,Black,0
AlavniGerkok2,12807897,1,Trixy,Female,Black,0
vault420jk,12804105,1,Wingnut,Male,Brown,0
benldb55,117626,0,Vladimir,Male,Black,0
lord_redd_da_wolf,12587307,1,Nibbles,Female,Black,0
dantryi,2101636,0,Nyx,Female,Brown,0
ishanplayz786,12584015,1,Vladimir,Male,Black,0
ttv_earthworm,12581364,1,Matrix,Male,Black,0
MalvernTheWarlock62,12573870,1,Wingnut,Male,Brown,0
jason_yeo,12573137,1,Wingnut,Male,Red,0
jj_mars08,2086472,0,Cerulean,Female,Black,0
seatires,1067698,0,Moonlight,Female,Black,0
cheezyburger101,12566692,1,Skylar,Female,Brown,0
am_night_love_12,12566567,1,Star,Female,Black,0
sosadvibes,12564958,1,Sabath,Male,Black,0
alkali_21,12564764,1,Ruth,Female,Brown,0
evelynm33,12563104,1,Trixy,Female,Black,0
icwalow_com543,12561454,1,Cole,Male,Black,0
kyledebomber,12560082,1,Violet,Female,Brown,0
diabmohd123,12560050,1,Shade,Female,Red,0
BatTech_419,2074092,0,Zharius,Female,Black,0
calzoneybone,12558527,1,Mittens,Female,Black,0
MrMKD,11808266,0,Vamp,Male,Brown,0
kewlxkneexgrow,46,0,Butch,Male,Black,0
lick_my_seaman382,503,0,Guano,Male,Black,0
SweetDashie,12496077,1,Dot,Female,Black,0
goldheartsgirl,18836,0,Dawnstar,Female,Brown,0
hunterr2x,12484605,1,Booboo,Male,Black,0
knee_gers1115,16,0,Mittens,Female,Black,0
pedopride911,1206,0,Mirage,Female,Brown,0
eye_swallow_come6262,12481211,1,Skylar,Female,Black,0
pewdiepiii,10267254,0,Giggles,Female,Black,0
GoldHeartsGirl,12489381,1,Sonar,Male,Brown,0
meshowskyy,12397807,1,Mirage,Female,Black,0
ShadowWolf260,74,0,Lockjaw,Male,Black,0
ineedfortniteinmylife,12389458,1,Booboo,Male,Brown,0
ice_swallow_come780,54,0,Drake,Male,Black,0
eddy49gaming,12381290,1,rango,Male,Black,0
zackplays1200,12379834,1,Dawnstar,Female,Brown,0
the_reaper245,12376517,1,Reaper,Male,Red,0
theSTINGIN,1890880,0,Equina,Female,Black,0
jambuttyjane,12376473,1,Sabath,Male,Black,0
PhoenixDK,12376402,1,Dimitri,Male,Brown,0
ProBearDog,12376394,1,Dot,Female,Black,0
BlueFlash1982,12376363,1,Flash,Male,Black,0
bryanmoreno38,12371159,1,Screech,Male,Brown,0
a_KATs,3755223,0,Ripmaw,Male,Black,0
UnsafecoderedttV,13137642,1,Ivy,Female,Black,0
PurplePixiePops,12361343,1,Star,Female,Brown,0
kaybandz12345,12318319,1,Skylar,Female,Red,0
goodandfreshsister,12316010,1,Nibbles,Female,Black,0
12brads12,12309293,1,Fuzz,Male,Black,0
tdogfrognana,12303418,1,Lucy,Female,Brown,0
MinecraftLover00053,12303403,1,Orion,Male,Black,0
aluvni_gerrkok,12303132,1,Giggles,Female,Black,0
iceallowgum,12302600,1,Giggles,Female,Brown,0
graydoublex12,12297147,1,Moon,Male,Black,0
bendy_the_dancing_demon65,33,0,Siren,Female,Black,0
FlagShipFail,12235871,1,Equina,Female,Brown,0
joshmcrae24,1601434,0,Vladimir,Male,Red,0
jamesalotplays,12230270,1,Skylar,Female,Black,0
jaemikethatgoat,12227932,1,Bandetta,Female,Black,0
themitchgamer73,12225617,1,Rhyme,Female,Brown,0
Kikiisyourfriend,12219970,1,Wingnut,Male,Black,0
manishis,12217356,1,Mittens,Female,Black,0
HornyPancakes,24,0,Matrix,Male,Brown,0
wolfdogwannabe,81882682,0,Drake,Male,Black,0
Dutchtr0ll,15770472,1,Blues,Male,Black,0
Riboture,14262488,1,Ivy,Female,Brown,1
Erugdir,13666992,1,Sona,Female,Red,0
themayhemrises,1131923,0,Amara,Female,Black,0
Lovi84,9720228,0,Draculon,Male,Black,0
Bennerhill,1665329,0,Shrike,Male,Brown,0
ManInTheIceBox,12141234,1,Sade,Female,Black,0
keepinitbreezie,12109552,1,Flaps,Male,Black,0
festivekinky,68003635,1,Rhyme,female,Brown,0
4corey,64976383,1,Echo,female,Black,0
TheMayhemRises,13180423,1,Amara,female,Black,0
aylessia82,11978558,1,Butch,male,Brown,0
SpillExpoNorge,11972349,1,Ripmaw,male,Black,0
GrAviTyplaYyY,11970189,1,Shrike,male,Red,0
bjarncoene,1480478,0,Dawnstar,female,Black,0
youvebeengnomeeed,11955441,1,Echo,female,Brown,0
firedrago112,11953418,1,Velvet,female,Black,0
mzmyst,11932330,1,Sona,female,Black,0
xamylii,11890559,1,Char,male,Brown,0
prince870116,11890173,1,Booboo,male,Black,0
legendarypen1s,11888795,1,Vamp,male,Black,0
purplephazed,252019,0,Mothra,male,Brown,0
darkshadowsinthesky,9566128,0,Screech,male,Red,0
riaglo,11886237,1,Velvet,female,Black,0
channel_name_here,11882030,1,Ruth,female,Black,0
da123_,11881444,1,Skylar,female,Brown,0
no_bodie,11881439,1,Blade,male,Black,0
kingchiefw09,11874315,1,Flutters,female,Black,0
sierrashooterq08,11874314,1,Brutus,male,Brown,0
hellarcanea54,11874313,1,Violet,female,Black,0
fazeairplaned70,11874312,1,Mittens,female,Black,0
fazingdemonv28,11874312,1,Blade,male,Brown,0
shootingraptorv42,11874311,1,Ripmaw,male,Black,0
infinitymanh55,11874310,1,Dimitri,male,Red,0
speedinghunterw90,11874309,1,Flutters,female,Black,0
betaarmorg13,11874309,1,Raine,female,Brown,0
hellaliasj61,11874308,1,Impaler,male,Black,0
invisiblesupremer99,11874307,1,Dawnstar,female,Black,0
ogcreatured37,11874306,1,Rascal,male,Brown,0
forcecavej66,11874306,1,Siren,female,Black,0
killermilitarya15,11874305,1,Sabath,male,Black,0
flamingchiefe69,11874304,1,Abby,female,Brown,0
invisiblekillerq04,11874303,1,Dexter,male,Black,0
fallingtigerh64,11874303,1,Rascal,male,Red,0
badiceq53,11874302,1,Dot,female,Black,0
largegamem19,11874301,1,Brutus,male,Brown,0
rebelforcel20,11874300,1,Blues,male,Black,0
deltainceptionj84,11874300,1,Star,female,Black,0
deltainceptionr10,11874299,1,Moonlight,female,Brown,0
lightningdumpd57,11874298,1,Sage,female,Black,0
hardcoremonkeyn53,11874298,1,Rhyme,female,Black,0
infinitydarknessr23,11874297,1,Baxter,male,Brown,0
revdynamicp23,11874296,1,Vladimir,male,Red,0
mightygund37,11874296,1,Iris,female,Black,0
ooghosth08,11874295,1,Rhyme,female,Black,0
fadingtreeh85,11874294,1,Dimitri,male,Brown,0
darkbuilderg49,11874294,1,Dawnstar,female,Black,0
bigwaven31,11874293,1,Dot,female,Black,0
mightydinosauri73,11874292,1,Sona,female,Brown,0
lightningspartane27,11874292,1,Drake,male,Black,0
infinitycrashi33,11874291,1,Skylar,female,Black,0
oo_helmetl64,11874290,1,Dawnstar,female,Brown,0
hyperghoste97,11874289,1,Shrike,male,Black,0
eliteblazen17,11874289,1,Comet,male,Red,0
coolhelmett34,11874288,1,Draculon,male,Black,0
frostycyborgk59,11874287,1,Butch,male,Brown,0
externaldumpl73,11874287,1,Sage,female,Black,0
skinnybulletp71,11874286,1,Drake,male,Black,0
mrdesignu45,11874285,1,Comet,male,Brown,0
externaldumpm14,11874284,1,Echo,female,Black,0
lighthunterx22,11874283,1,Bruce,male,Black,0
uglygunf72,11874283,1,Dawnstar,female,Brown,0
forcedarknessf22,11874282,1,Cerulean,female,Black,0
infinitydynamica94,11874281,1,Lucy,female,Red,0
arkloserb96,11874281,1,Shade,female,Black,0
ragingcavet34,11874280,1,Flaps,male,Brown,0
goodshadows48,11874279,1,Ash,male,Black,0
teamhunterp63,11874279,1,Cole,male,Black,0
hardcorebomberl50,11874278,1,Mirage,female,Brown,0
bravocyborge06,11874277,1,Fuzz,male,Black,0
beastlyzeuse70,11874277,1,Indigo,female,Black,0
fallingdarknessq46,11874276,1,Orion,male,Brown,0
oo_reaperb53,11874275,1,Grey,male,Black,0
johnflamef19,11874274,1,Siren,female,Red,0
flamingsoldierc24,11874274,1,Abby,female,Black,0
risinglosero08,11874273,1,Star,female,Brown,0
externalbulleth56,11874272,1,Nugget,female,Black,0
speedingknightn90,11874272,1,Dawnstar,female,Black,0
rebelshadowu93,11874271,1,Dawnstar,female,Brown,0
bigpiloth49,11874270,1,Nightmare,male,Black,0
ascendingpolicew68,11874269,1,Velvet,female,Black,0
chickendestinyd23,11874268,1,Comet,male,Brown,0
arkloserw14,11874268,1,Orion,male,Red,0
muscletreew76,11874267,1,Draculon,male,Black,0
bigflameu53,11874266,1,Echo,female,Black,0
lifeshadowg04,11874265,1,Equinox,female,Brown,0
betawarriorm00,11874265,1,Nyx,male,Black,0
ootranscendantx47,11874264,1,Tiberius,male,Black,0
badshieldu16,11874263,1,Aura,female,Brown,0
badshieldy30,11874262,1,Velvet,female,Black,0
bigchimpa24,11874262,1,Raine,female,Black,0
hotblazew12,11874261,1,Moonlight,female,Brown,0
supertempestg64,11874260,1,Abby,female,Black,0
flowapec49,11874260,1,Draculon,male,Red,0
trinitysupremef51,11874259,1,Nugget,female,Black,0
lightblackholef76,11874258,1,Illumina,female,Brown,0
flamingmilitarye13,11874258,1,Raine,female,Black,0
dumbdumpg92,11874257,1,Bandetta,female,Black,0
shootingghostx40,11874256,1,Harmony,female,Brown,0
frostysquadp63,11874256,1,Vulkan,male,Black,0
ironkillerb18,11874255,1,Cookie,female,Black,0
charliecreationh58,11874254,1,Moonlight,female,Brown,0
deltaservantf79,11874254,1,Dot,female,Red,0
laserservantm13,11874253,1,Char,male,Black,0
vibratingdeathj49,11874252,1,Ivy,female,Black,0
fragraptoro52,11874252,1,Dawnstar,female,Brown,0
clanaliasv72,11874251,1,Comet,male,Black,0
thepilots03,11874250,1,Bruce,male,Black,0
intelicev58,11874250,1,Illumina,female,Brown,0
flarearmore28,11874249,1,Mirage,female,Black,0
flaretempestg98,11874248,1,Echo,female,Black,0
kingmagen22,11874248,1,Vamp,male,Brown,0
deltadesigni59,11874247,1,Ripmaw,male,Red,0
ragingserpeante64,11874246,1,Aura,female,Black,0
fadingpilotu43,11874246,1,Dimitri,male,Black,0
largenavyi85,11874245,1,Bruce,male,Brown,0
ascendingdragons68,11874244,1,Drake,male,Black,0
supertempesth99,11874244,1,Abby,female,Black,0
amazingforceg78,11874243,1,Tiberius,male,Brown,0
badaliass32,11874242,1,Morning,female,Black,0
deltabuilderc42,11874241,1,Equina,female,Black,0
hotelnavya51,11874241,1,Lucifer,male,Brown,0
arkcyborgf71,11874240,1,Guano,male,Black,0
radiofuturei47,11874239,1,Draculon,male,Red,0
sierrasoulq85,11874238,1,Giggles,female,Black,0
flowmanc83,11874238,1,Violet,female,Brown,0
alphalimits73,11874237,1,Indigo,female,Black,0
nobelmountaink92,11874236,1,Haze,female,Black,0
foxtrotbeingv12,11874236,1,Char,male,Brown,0
nlreaperj67,11874235,1,Screech,male,Black,0
foxtrotserpeante15,11874234,1,Lockjaw,male,Black,0
flamingcyborgz16,11874234,1,Shadow,male,Brown,0
goodbattlek82,11874233,1,Sage,female,Black,0
lifemasteri81,11874232,1,Iris,female,Red,0
omnimonsterm74,11874231,1,Sabath,male,Black,0
boomingcreationl50,11874231,1,Dimitri,male,Brown,0
fadingarmorf56,11874230,1,Skylar,female,Black,0
cashtigerx94,11874229,1,Raine,female,Black,0
coldwarriori11,11874229,1,Dawnstar,female,Brown,0
beastlymonkeyk68,11874228,1,Nightmare,male,Black,0
coldmazex42,11874227,1,Nightmare,male,Black,0
fortplayerh07,11874227,1,Giggles,female,Brown,0
fadinghelmets07,11874226,1,Impaler,male,Red,0
hellsquadi52,11874225,1,Rhyme,female,Black,0
invisiblepwnere32,11874225,1,Trixy,female,Black,0
angelicek70,11874224,1,Tiberius,male,Brown,0
flaremazeb10,11874223,1,Archangel,male,Black,0
blazingghostg64,11874222,1,Midnight,male,Black,0
fazingmilitaryq20,11874222,1,Lady,female,Brown,0
hotelgiantp08,11874221,1,Darth,male,Black,0
fadingpwnerx69,11874220,1,Bandetta,female,Black,0
lifealiasu68,11874220,1,Char,male,Brown,0
alphadumpu55,11874219,1,Archangel,male,Black,0
killerarmora55,11874218,1,Guano,male,Red,0
pureservante90,11874218,1,Baxter,male,Black,0
AirForceKitty,11823179,1,Nibbles,female,Brown,0
officerknickcurrs,11813659,1,Guano,male,Black,0
Miniladd212,11804310,1,Echo,female,Black,0
hunter0987653211567,11797771,1,Flaps,male,Brown,0
shadowslacher1000,11797727,1,Morticia,female,Black,0
Atlas,1310656,0,Lucy,female,Black,0
khalid1349,11793143,1,Dot,female,Brown,0
aluvni_grow,11786668,1,Trixy,female,Red,0
pubgnoob2003,11775667,1,Cookie,female,Black,0
Jake_Loves_Cake,11766216,1,Ripmaw,male,Black,0
andrewsotiriou10,11722389,1,Rhyme,female,Brown,0
qwascolol,24869,0,Cookie,female,Black,0
ttvpositivepete,1225889,0,Nibbles,female,Black,0
usernaneisalredaytaken,10588365,0,Moonlight,female,Brown,0
qwascolol2,1236283,0,Equina,female,Black,0
HrvstrOfEnergy,11659143,1,Ruth,female,Black,0
bot081398,11635377,1,Drake,male,Brown,0
geneatalz,11630594,1,Scarlett,female,Red,0
gears2019,11620649,1,Char,male,Black,0
calamity_max_stage,11619786,1,Dawnstar,female,Black,0
mbbro12,11618335,1,Nugget,female,Brown,0
spokjelse,11613834,1,Fuzz,male,Black,0
AHorseNamedRoncinante,1032465,0,Indigo,female,Black,0
Wurzel7211,11459336,1,Drake,male,Brown,0
Yankeeace50,11385483,1,Shrike,male,Black,0
TexCubSF,11385412,1,Indigo,female,Black,0
TealOldMan,11385398,1,Vladimir,male,Brown,0
Chicken__Pizza,3335,0,Sade,female,Red,0
thestormbro,32,0,Lucy,female,Black,0
aaronjpx,11373858,1,Violet,female,Black,0
chubbygirlyy,11373176,1,Sade,female,Brown,0
BarneyOfTheRubbble,1336,0,Shadow,male,Black,0
jarngeir,886415,0,Twilight,female,Black,1
nubodys,11371422,1,Lucifer,male,Brown,0
Sir_Soul,148,0,Booboo,male,Black,0
lil_bro_gamers,11367802,1,Ash,male,Black,0
kaspatik,11366600,1,Lockjaw,male,Brown,0
eeda_dlck,724,0,Nibbles,female,Red,0
radekiler,11364695,1,Comet,male,Black,0
spicycream205,11364592,1,Moonlight,female,Black,0
leon1252,106063,0,leon,female,Brown,0
kareemmohammad,11364034,1,Rascal,male,Black,0
nick_gerz1aaad2f2,1710,0,Indigo,female,Black,0
saberbig,11354521,1,Moon,male,Brown,0
lounge_lizard_gameplays,11291249,1,Darth,male,Black,0
robertmugabethadruglord,11286783,1,Cerulean,female,Black,0
stanmarsden,11286645,1,Shrike,male,Brown,0
jacob_sings_,11280663,1,Butch,male,Red,0
OhanaMC,11280439,1,Ruth,female,Black,0
ice_wallo_cman22,32843,0,Ripmaw,male,Black,0
therugbylifee,11274357,1,Booboo,male,Brown,0
hox600,11264596,1,Skylar,female,Black,0
my_dixie_rekt467,11262464,1,Giggles,female,Black,0
lego5life,11259568,1,Ivy,female,Brown,0
ReeceWithAC,11256923,1,Sabath,male,Black,0
Queenliz09,11256900,1,Aura,female,Black,0
ItsJustTriz,11256896,1,Dawnstar,female,Brown,0
h8b1t,11256887,1,Azar,male,Black,0
blitzyUK,11256877,1,Cookie,female,Red,0
whom1313,11256831,1,Violet,female,Black,0
pwny_up,11256698,1,Screech,male,Brown,0
ice_wallou_cum69,162011,0,Nibbles,female,Black,0
KitGaming95,8590211,0,Dexter,male,Black,0
snortingdonkey,770753,0,Ivy,female,Brown,0
smallschristian8,11248135,1,Angel,female,Black,0
iLikeToGetRekt,11242736,1,Twilight,female,Black,0
TetraTTV,720157,0,Spectre,male,Brown,0
xd_kinghill43,11205194,1,Blade,male,Black,0
richycrainium,11203584,1,Nugget,female,Red,0
KingRichardXVI,11196699,1,Cerulean,female,Black,0
zoids_dale,11195229,1,Grey,male,Brown,0
sultan5668,11193604,1,Haze,female,Black,0
jaylee_geraghty,11192799,1,Draculon,male,Black,0
Aekuros,11192175,1,Nyx,male,Brown,0
urabitwins,11190121,1,Spuds,male,Black,0
sabrinalynngamerjunkie,704337,0,Rhyme,female,Black,0
Dragoon_01,11187128,1,Drake,male,Brown,0
drexoxo,165,0,Lady,female,Red,0
deepplaysss,11180489,1,Sade,female,Black,0
thirzatumtum,11152018,1,Baxter,male,Black,0
TexyTurvy,11141490,1,Nightmare,male,Brown,0
g4mer3711,11122481,1,Tiberius,male,Black,0
harykneegro,550,0,Ivy,female,Black,0
guyjfgjvjhvh,11109737,1,Shrike,male,Brown,0
gearhead_damian,11101251,1,Flutters,female,Black,0
cassandral,109022433,1,Rhyme,female,Black,0
splashytiger826,33256470,1,Bandetta,female,Brown,0
justhuskhd,10940114,1,Spuds,male,Red,0
noyski3wafu,10932427,1,Ivy,female,Black,0
intelplays12,10931843,1,Iris,female,Black,0
briantheman8407,10931730,1,Skye,female,Brown,0
t0xic_t0m,10929896,1,Moon,male,Black,0
moneymakerfinesse,10927387,1,Sona,female,Black,0
sceptic123456791,10924770,1,Morticia,female,Brown,0
KayOKK70,10923191,1,Bandetta,female,Black,0
SirClappethThe3rd,38775893,0,Ruth,female,Black,0
OtterForce5309,10793926,1,Indigo,female,Brown,0
unarmingjeans71,10750743,1,Ash,male,Red,0
DrewMac,977,0,Spectre,male,Black,0
kiantheninja,10749224,1,Equinox,female,Black,0
real_poison_ivy,8251581,0,Mittens,female,Brown,0
mrcrazydoc,10682004,1,Blade,male,Black,0
caf890,10676868,1,Dawnstar,female,Black,0
tsm_shadowsnip,10676443,1,Darth,male,Brown,0
deadgure,10675871,1,Star,female,Black,0
Joshmcrae24,12232297,1,Flaps,male,Black,0
koko20061806,10600836,1,Sade,female,Brown,0
Rudegure,10585494,1,Equina,female,Red,0
Stennos,85191,0,Cerulean,female,Black,0
DallDK,10514801,1,Morticia,female,Black,0
PROPHETxOFxRAGE,10510253,1,Abby,female,Brown,0
katorina_rose97,10489728,1,Nibbles,female,Black,0
AI_Ryuukami,94452274,1,Aura,female,Black,0
encaramagradaelteupelelm,92368284,1,Comet,male,Brown,0
2119154W,83432537,1,Char,male,Black,0
icyfoxproductions,75506052,1,Comet,male,Black,0
classiccdgamer,58790861,1,Nugget,female,Brown,0
akaDescend,58531221,1,Spuds,male,Black,0
Sir_Community,49261495,1,Azar,male,Red,0
true_slav_life,46333463,1,Guano,male,Black,0
wwhiskers,35478595,0,Grey,male,Brown,0
volkal_,36382067,1,Dexter,male,Black,0
Toxi_Dragon,36211211,1,Morticia,female,Black,0
FarsLegacy,35356134,1,Booboo,male,Brown,0
Crimson_Shadd,35356073,1,Lady,female,Black,0
Princess___Lissy,35346068,1,Moon,male,Black,0
xxgrimreapa666xx,31893991,1,Lockjaw,male,Brown,0
BaconAndBlu,31477033,1,Blues,male,Red,0
nousernamemate,29587697,1,Echo,female,Black,0
Nicol_Bolas_GodPharaoh,27748733,1,Siren,female,Black,0
Voidyblade,26249233,1,Angel,female,Brown,0
wolfpupgirl24,22016700,1,Dimitri,Male,Brown,0
Liza_M,15740598,1,Skye,female,Black,0
Angel_s_Kat,14240825,1,Grey,male,Brown,0
maxyaboi0805,13522663,1,Lucy,female,Black,0
ItsCookieeee,13138438,1,Grey,male,Black,0
toxicwolf2645,12825976,1,Moonlight,female,Brown,0
torcadal,12813294,1,Butch,male,Red,0
UnworthyMonk,12813249,1,Dot,female,Black,0
Dantryi,12587238,1,Velvet,female,Black,0
kami_jj_mars08,12572074,1,Rascal,male,Brown,0
Mikul_Matic,12559694,1,Fuzz,male,Black,0
gingerp0tat0,11966080,1,Flaps,male,Black,0
qwasco_cititzensnipesfl,10985976,0,Indigo,female,Brown,0
ttvbobkovachick,11711491,1,Midnight,male,Black,0
TrollTertle,11372839,1,Angel,male,Black,0
Jarngeir,11372017,1,Echo,female,Brown,1
sabrinalynn_gamerjunkie,11189939,1,Mothra,male,Red,0
CatastropheBlack,9789399,1,Harmony,female,Black,0
AJTheScotsGirl,9780615,1,Comet,male,Black,0
vegetapunch,9001415,1,Orion,male,Brown,0
manosx609,8579604,1,Mittens,female,Black,0
raoulvuijst,8155719,1,Shade,female,Black,0
Skysunna,3830923,1,Moonlight,female,Brown,0
tumbleina,3830860,1,Baxter,male,Black,0
acelnyourhole,62459475,0,Nightmare,male,Black,0
AcelnYourHole,65221097,1,Vamp,male,Brown,0
yukichan2200,2755888,1,Angel,female,Black,0
DEADLYSHARKLDR1,2755246,1,Lady,female,Red,0
Atlas_Kratos,2751924,1,Aine,female,Black,0
kappawille,51375563,1,Archangel,male,Black,0
MrWhiskurs,38222517,1,Shade,female,Black,0
Lxna1337,13442833,1,Dimitri,male,Black,0
FoxxiePaws,11256432,1,Ash,male,Brown,0
Jamminjosh10,2660694,1,Nibbles,female,Black,0
TheHunter_GG,2518193,1,Scarlett,female,Black,0
Azelhart,2501882,1,Azar,male,Brown,0
Lovi84_,12211127,1,Moon,male,Red,0
Nightmare_creater,2336291,1,Echo,female,Black,0
Dexters1066,2336230,1,Cookie,female,Black,0
Coolguy351,2336211,1,Butch,male,Brown,0
MetalMekanik,2336211,1,Ash,male,Black,0
Oldwargoat39,2336205,1,Grey,male,Black,0
all_around_ashley,2335964,1,Bruce,male,Brown,0
field0626,2328198,1,Spectre,male,Black,0
qezyu,83431507,1,Char,male,Black,0
QueenLoxy,50471980,1,Spuds,male,Brown,0
ThomasKellogg17,34124127,1,Screech,male,Red,0
shiryou_,29914282,1,Vulkan,male,Black,0
MomoPolice,12813306,1,Mothra,male,Black,0
ben34,12588171,1,Ivy,female,Brown,0
mengsovann8,747263,1,Aine,female,Black,0
xd_squirrel,747252,1,Sona,female,Black,0
winterfp_franco,747172,1,Lady,female,Brown,0
jahdndbe,744511,1,Scarlett,female,Black,0
usa445,741511,1,Vladimir,male,Black,0
hinducosy,741446,1,Equinox,female,Brown,0
Rhian_Aera_Wynn,40529839,1,Bandetta,female,Black,0
qwasco1,11721885,1,Dawnstar,female,Red,0
boogerbomb01,174995,1,Guano,male,Black,0
brnt_labs,174867,1,Nugget,female,Brown,0
kbigtroller,15244,1,Dawnstar,female,Black,0
